count,mean,std,min,25%,50%,75%,max
1032.0,-11.648255813953488,74.22910844215255,-198.0,-8.0,-8.0,-8.0,348.0
